created_at,entry_id,field1,field2,field3
2023-04-16 00:01:20 UTC,3892,21.59000,72.31000,0.71442
2023-04-16 00:06:22 UTC,3893,21.60000,72.14000,0.71925
2023-04-16 00:11:24 UTC,3894,21.59000,72.38000,0.71262
2023-04-16 00:16:25 UTC,3895,21.59000,71.86000,0.72603
2023-04-16 00:21:27 UTC,3896,21.54000,71.49000,0.73333
2023-04-16 00:26:29 UTC,3897,21.59000,71.96000,0.72345
2023-04-16 00:31:30 UTC,3898,21.57000,70.49000,0.76045
2023-04-16 00:36:32 UTC,3899,21.57000,71.61000,0.73159
2023-04-16 00:41:34 UTC,3900,21.57000,72.89000,0.69860
2023-04-16 00:46:35 UTC,3901,21.57000,72.46000,0.70968
2023-04-16 00:51:37 UTC,3902,21.59000,74.27000,0.66385
2023-04-16 00:56:39 UTC,3903,21.57000,72.88000,0.69886
2023-04-16 01:01:40 UTC,3904,21.57000,72.22000,0.71587
2023-04-16 01:06:42 UTC,3905,21.60000,71.87000,0.72622
2023-04-16 01:11:44 UTC,3906,21.57000,72.21000,0.71612
2023-04-16 01:16:45 UTC,3907,21.57000,73.03000,0.69499
2023-04-16 01:21:47 UTC,3908,21.59000,72.61000,0.70668
2023-04-16 01:26:49 UTC,3909,21.59000,73.49000,0.68398
2023-04-16 01:31:51 UTC,3910,21.57000,73.06000,0.69422
2023-04-16 01:36:52 UTC,3911,21.59000,71.53000,0.73455
2023-04-16 01:41:54 UTC,3912,21.56000,71.15000,0.74299
2023-04-16 01:46:56 UTC,3913,21.60000,71.58000,0.73370
2023-04-16 01:51:57 UTC,3914,21.59000,71.14000,0.74461
2023-04-16 01:56:59 UTC,3915,21.60000,71.72000,0.73009
2023-04-16 02:02:01 UTC,3916,21.60000,73.22000,0.69137
2023-04-16 02:07:02 UTC,3917,21.57000,72.26000,0.71484
2023-04-16 02:12:04 UTC,3918,21.59000,72.46000,0.71055
2023-04-16 02:17:06 UTC,3919,21.57000,72.20000,0.71638
2023-04-16 02:22:07 UTC,3920,21.56000,72.64000,0.70461
2023-04-16 02:27:09 UTC,3921,21.57000,72.85000,0.69963
2023-04-16 02:32:11 UTC,3922,21.57000,73.69000,0.67799
2023-04-16 02:37:12 UTC,3923,21.57000,73.42000,0.68494
2023-04-16 02:42:14 UTC,3924,21.56000,73.52000,0.68195
2023-04-16 02:47:16 UTC,3925,21.53000,72.20000,0.71463
2023-04-16 02:52:17 UTC,3926,21.53000,73.61000,0.67839
2023-04-16 02:57:19 UTC,3927,21.53000,72.52000,0.70641
2023-04-16 03:02:21 UTC,3928,21.56000,74.08000,0.66753
2023-04-16 03:07:22 UTC,3929,21.56000,71.63000,0.73062
2023-04-16 03:12:24 UTC,3930,21.54000,72.44000,0.70890
2023-04-16 03:17:26 UTC,3931,21.53000,72.07000,0.71797
2023-04-16 03:22:27 UTC,3932,21.53000,71.52000,0.73211
2023-04-16 03:27:29 UTC,3933,21.54000,71.55000,0.73179
2023-04-16 03:32:31 UTC,3934,21.54000,74.23000,0.66285
2023-04-16 03:37:33 UTC,3935,21.56000,73.96000,0.67062
2023-04-16 03:42:34 UTC,3936,21.56000,74.38000,0.65980
2023-04-16 03:47:36 UTC,3937,21.54000,74.42000,0.65797
2023-04-16 03:52:38 UTC,3938,21.54000,72.23000,0.71430
2023-04-16 03:57:39 UTC,3939,21.54000,73.87000,0.67211
2023-04-16 04:02:41 UTC,3940,21.54000,73.01000,0.69423
2023-04-16 04:07:43 UTC,3941,21.59000,72.86000,0.70023
2023-04-16 04:12:44 UTC,3942,21.56000,73.45000,0.68375
2023-04-16 04:17:46 UTC,3943,21.53000,73.24000,0.68790
2023-04-16 04:22:48 UTC,3944,21.54000,73.23000,0.68858
2023-04-16 04:27:49 UTC,3945,21.59000,72.68000,0.70488
2023-04-16 04:32:51 UTC,3946,21.54000,71.94000,0.72176
2023-04-16 04:37:53 UTC,3947,21.49000,72.54000,0.70417
2023-04-16 04:42:54 UTC,3948,21.59000,73.91000,0.67314
2023-04-16 04:47:56 UTC,3949,21.53000,72.73000,0.70101
2023-04-16 04:52:58 UTC,3950,21.51000,72.19000,0.71401
2023-04-16 04:57:59 UTC,3951,21.53000,72.59000,0.70461
2023-04-16 05:03:01 UTC,3952,21.60000,72.36000,0.71357
2023-04-16 05:08:03 UTC,3953,21.51000,70.86000,0.74816
2023-04-16 05:13:04 UTC,3954,21.47000,70.79000,0.74813
2023-04-16 05:18:06 UTC,3955,21.49000,70.72000,0.75084
2023-04-16 05:23:08 UTC,3956,21.42000,70.82000,0.74507
2023-04-16 05:28:09 UTC,3957,21.40000,70.41000,0.75462
2023-04-16 05:33:11 UTC,3958,21.38000,70.34000,0.75548
2023-04-16 05:38:13 UTC,3959,21.35000,70.39000,0.75282
2023-04-16 05:43:14 UTC,3960,21.33000,70.51000,0.74885
2023-04-16 05:48:16 UTC,3961,21.36000,70.48000,0.75099
2023-04-16 05:53:18 UTC,3962,21.36000,70.19000,0.75837
2023-04-16 05:58:19 UTC,3963,21.36000,70.45000,0.75175
2023-04-16 06:03:21 UTC,3964,21.35000,70.32000,0.75460
2023-04-16 06:08:23 UTC,3965,21.35000,70.29000,0.75536
2023-04-16 06:13:24 UTC,3966,21.42000,70.33000,0.75758
2023-04-16 06:18:26 UTC,3967,21.42000,70.13000,0.76269
2023-04-16 06:23:28 UTC,3968,21.40000,69.99000,0.76533
2023-04-16 06:28:29 UTC,3969,21.40000,70.03000,0.76431
2023-04-16 06:33:31 UTC,3970,21.43000,69.93000,0.76827
2023-04-16 06:38:33 UTC,3971,21.42000,70.46000,0.75427
2023-04-16 06:43:34 UTC,3972,21.42000,70.39000,0.75605
2023-04-16 06:48:36 UTC,3973,21.42000,70.63000,0.74992
2023-04-16 06:53:38 UTC,3974,21.40000,71.24000,0.73345
2023-04-16 06:58:39 UTC,3975,21.42000,70.96000,0.74150
2023-04-16 07:03:41 UTC,3976,21.46000,70.24000,0.76175
2023-04-16 07:08:43 UTC,3977,21.45000,70.92000,0.74388
2023-04-16 07:13:44 UTC,3978,21.45000,71.33000,0.73340
2023-04-16 07:18:46 UTC,3979,21.46000,71.20000,0.73717
2023-04-16 07:23:48 UTC,3980,21.45000,70.82000,0.74644
2023-04-16 07:28:49 UTC,3981,21.47000,71.97000,0.71790
2023-04-16 07:33:51 UTC,3982,21.46000,71.20000,0.73717
2023-04-16 07:38:53 UTC,3983,21.45000,71.33000,0.73340
2023-04-16 07:43:54 UTC,3984,21.46000,71.18000,0.73769
2023-04-16 07:48:56 UTC,3985,21.47000,70.84000,0.74684
2023-04-16 07:53:58 UTC,3986,21.49000,71.33000,0.73519
2023-04-16 07:59:00 UTC,3987,21.47000,70.86000,0.74633
2023-04-16 08:04:01 UTC,3988,21.50000,70.55000,0.75566
2023-04-16 08:09:03 UTC,3989,21.49000,70.10000,0.76674
2023-04-16 08:14:05 UTC,3990,21.50000,70.05000,0.76849
2023-04-16 08:19:06 UTC,3991,21.50000,71.62000,0.72820
2023-04-16 08:24:08 UTC,3992,21.50000,70.01000,0.76951
2023-04-16 08:29:10 UTC,3993,21.51000,70.74000,0.75124
2023-04-16 08:34:11 UTC,3994,21.54000,70.20000,0.76651
2023-04-16 08:39:13 UTC,3995,21.53000,70.10000,0.76861
2023-04-16 08:44:15 UTC,3996,21.59000,71.31000,0.74022
2023-04-16 08:49:16 UTC,3997,21.60000,71.44000,0.73732
2023-04-16 08:54:18 UTC,3998,21.60000,72.57000,0.70815
2023-04-16 08:59:20 UTC,3999,21.57000,72.88000,0.69886
2023-04-16 09:04:21 UTC,4000,21.59000,72.02000,0.72190
2023-04-16 09:09:23 UTC,4001,21.59000,71.18000,0.74358
2023-04-16 09:14:25 UTC,4002,21.61000,71.77000,0.72925
2023-04-16 09:19:26 UTC,4003,21.59000,71.12000,0.74512
2023-04-16 09:24:28 UTC,4004,21.60000,71.91000,0.72518
2023-04-16 09:29:30 UTC,4005,21.61000,72.34000,0.71452
2023-04-16 09:34:31 UTC,4006,21.64000,72.39000,0.71454
2023-04-16 09:39:33 UTC,4007,21.60000,71.35000,0.73964
2023-04-16 09:44:35 UTC,4008,21.60000,72.79000,0.70247
2023-04-16 09:49:36 UTC,4009,21.63000,72.41000,0.71358
2023-04-16 09:54:38 UTC,4010,21.63000,71.88000,0.72729
2023-04-16 09:59:40 UTC,4011,21.64000,72.35000,0.71557
2023-04-16 10:04:41 UTC,4012,21.61000,72.25000,0.71685
2023-04-16 10:09:43 UTC,4013,21.64000,72.62000,0.70859
2023-04-16 10:14:45 UTC,4014,21.66000,71.62000,0.73536
2023-04-16 10:19:46 UTC,4015,21.67000,72.55000,0.71170
2023-04-16 10:24:48 UTC,4016,21.69000,72.85000,0.70478
2023-04-16 10:29:50 UTC,4017,21.69000,72.02000,0.72633
2023-04-16 10:34:51 UTC,4018,21.70000,72.69000,0.70937
2023-04-16 10:39:53 UTC,4019,21.71000,72.77000,0.70773
2023-04-16 10:44:55 UTC,4020,21.71000,74.57000,0.66094
2023-04-16 10:49:56 UTC,4021,21.76000,73.11000,0.70103
2023-04-16 10:54:58 UTC,4022,21.77000,71.96000,0.73145
2023-04-16 11:00:00 UTC,4023,21.80000,74.11000,0.67661
2023-04-16 11:05:01 UTC,4024,21.78000,72.96000,0.70580
2023-04-16 11:10:03 UTC,4025,21.78000,71.49000,0.74417
2023-04-16 11:15:05 UTC,4026,21.83000,72.81000,0.71188
2023-04-16 11:20:06 UTC,4027,21.84000,72.54000,0.71939
2023-04-16 11:25:08 UTC,4028,21.86000,72.47000,0.72211
2023-04-16 11:30:10 UTC,4029,21.87000,72.25000,0.72832
2023-04-16 11:35:11 UTC,4030,21.87000,73.10000,0.70601
2023-04-16 11:40:13 UTC,4031,21.90000,72.40000,0.72571
2023-04-16 11:45:15 UTC,4032,21.90000,73.20000,0.70468
2023-04-16 11:50:16 UTC,4033,21.93000,72.11000,0.73468
2023-04-16 11:55:18 UTC,4034,21.91000,72.03000,0.73589
2023-04-16 12:00:20 UTC,4035,21.94000,72.14000,0.73434
2023-04-16 12:05:21 UTC,4036,21.96000,71.10000,0.76268
2023-04-16 12:10:23 UTC,4037,21.98000,71.57000,0.75119
2023-04-16 12:15:25 UTC,4038,21.98000,70.84000,0.77048
2023-04-16 12:20:26 UTC,4039,22.02000,73.42000,0.70402
2023-04-16 12:25:28 UTC,4040,22.04000,71.40000,0.75845
2023-04-16 12:30:30 UTC,4041,22.04000,70.59000,0.77993
2023-04-16 12:35:31 UTC,4042,22.05000,71.97000,0.74379
2023-04-16 12:40:33 UTC,4043,22.05000,70.46000,0.78386
2023-04-16 12:45:35 UTC,4044,22.07000,71.79000,0.74948
2023-04-16 12:50:36 UTC,4045,22.08000,70.75000,0.77758
2023-04-16 12:55:38 UTC,4046,22.11000,70.56000,0.78407
2023-04-16 13:00:40 UTC,4047,22.12000,72.00000,0.74617
2023-04-16 13:05:41 UTC,4048,22.17000,70.13000,0.79843
2023-04-16 13:10:43 UTC,4049,22.45000,68.55000,0.85510
2023-04-16 13:15:45 UTC,4050,22.35000,71.92000,0.75885
2023-04-16 13:20:46 UTC,4051,22.29000,73.51000,0.71327
2023-04-16 13:25:48 UTC,4052,22.22000,71.94000,0.75233
2023-04-16 13:30:50 UTC,4053,22.25000,72.76000,0.73168
2023-04-16 13:35:51 UTC,4054,22.24000,71.37000,0.76855
2023-04-16 13:40:53 UTC,4055,22.24000,74.42000,0.68668
2023-04-16 13:45:55 UTC,4056,22.24000,73.66000,0.70708
2023-04-16 13:50:56 UTC,4057,22.22000,73.70000,0.70515
2023-04-16 13:55:58 UTC,4058,22.24000,72.91000,0.72721
2023-04-16 14:01:00 UTC,4059,22.26000,71.77000,0.75874
2023-04-16 14:06:01 UTC,4060,22.25000,74.07000,0.69650
2023-04-16 14:11:03 UTC,4061,22.26000,72.93000,0.72756
2023-04-16 14:16:05 UTC,4062,22.28000,73.21000,0.72091
2023-04-16 14:21:07 UTC,4063,22.29000,73.13000,0.72350
2023-04-16 14:26:09 UTC,4064,22.29000,73.85000,0.70412
2023-04-16 14:31:10 UTC,4065,22.28000,72.63000,0.73652
2023-04-16 14:36:12 UTC,4066,22.29000,73.98000,0.70062
2023-04-16 14:41:14 UTC,4067,22.28000,75.36000,0.66305
2023-04-16 14:46:15 UTC,4068,22.29000,74.22000,0.69415
2023-04-16 14:51:17 UTC,4069,22.34000,72.32000,0.74758
2023-04-16 14:56:19 UTC,4070,22.35000,73.71000,0.71047
2023-04-16 15:01:20 UTC,4071,22.36000,72.74000,0.73714
2023-04-16 15:06:22 UTC,4072,22.32000,72.80000,0.73373
2023-04-16 15:11:24 UTC,4073,22.35000,75.31000,0.66723
2023-04-16 15:16:25 UTC,4074,22.45000,76.28000,0.64493
2023-04-16 15:21:27 UTC,4075,22.42000,75.58000,0.66275
2023-04-16 15:26:29 UTC,4076,22.39000,74.92000,0.67942
2023-04-16 15:31:30 UTC,4077,22.39000,75.86000,0.65396
2023-04-16 15:36:32 UTC,4078,22.34000,75.93000,0.65008
2023-04-16 15:41:34 UTC,4079,22.32000,74.80000,0.67978
2023-04-16 15:46:35 UTC,4080,22.26000,74.93000,0.67381
2023-04-16 15:51:37 UTC,4081,22.18000,75.00000,0.66866
2023-04-16 15:56:39 UTC,4082,22.12000,75.01000,0.66596
2023-04-16 16:01:40 UTC,4083,22.09000,75.91000,0.64080
2023-04-16 16:06:42 UTC,4084,22.11000,77.27000,0.60536
2023-04-16 16:11:44 UTC,4085,22.08000,76.41000,0.62712
2023-04-16 16:16:45 UTC,4086,22.08000,76.83000,0.61595
2023-04-16 16:21:47 UTC,4087,22.09000,76.42000,0.62723
2023-04-16 16:26:49 UTC,4088,22.09000,76.82000,0.61659
2023-04-16 16:31:50 UTC,4089,22.05000,77.39000,0.59997
2023-04-16 16:36:52 UTC,4090,22.04000,76.98000,0.61047
2023-04-16 16:41:54 UTC,4091,22.05000,76.58000,0.62146
2023-04-16 16:46:55 UTC,4092,22.05000,76.28000,0.62942
2023-04-16 16:51:57 UTC,4093,22.05000,76.62000,0.62040
2023-04-16 16:56:59 UTC,4094,22.05000,77.08000,0.60819
2023-04-16 17:02:00 UTC,4095,22.08000,77.62000,0.59495
2023-04-16 17:07:02 UTC,4096,22.04000,76.11000,0.63355
2023-04-16 17:12:04 UTC,4097,22.08000,75.25000,0.65795
2023-04-16 17:17:05 UTC,4098,22.07000,75.58000,0.64879
2023-04-16 17:22:07 UTC,4099,22.08000,76.78000,0.61728
2023-04-16 17:27:09 UTC,4100,22.14000,76.39000,0.62995
2023-04-16 17:32:10 UTC,4101,22.21000,75.81000,0.64818
2023-04-16 17:37:12 UTC,4102,22.18000,75.72000,0.64940
2023-04-16 17:42:14 UTC,4103,22.14000,75.58000,0.65156
2023-04-16 17:47:15 UTC,4104,22.14000,75.00000,0.66703
2023-04-16 17:52:17 UTC,4105,22.11000,74.92000,0.66795
2023-04-16 17:57:19 UTC,4106,22.12000,74.81000,0.67129
2023-04-16 18:02:21 UTC,4107,22.12000,74.97000,0.66702
2023-04-16 18:07:22 UTC,4108,22.09000,75.17000,0.66048
2023-04-16 18:12:27 UTC,4109,22.11000,75.44000,0.65410
2023-04-16 18:17:29 UTC,4110,22.07000,75.36000,0.65463
2023-04-16 18:22:31 UTC,4111,22.08000,75.31000,0.65636
2023-04-16 18:27:32 UTC,4112,22.09000,77.20000,0.60649
2023-04-16 18:32:34 UTC,4113,22.09000,76.17000,0.63388
2023-04-16 18:37:36 UTC,4114,22.08000,76.14000,0.63429
2023-04-16 18:42:37 UTC,4115,21.98000,76.32000,0.62568
2023-04-16 18:47:39 UTC,4116,21.93000,76.03000,0.63142
2023-04-16 18:52:41 UTC,4117,21.81000,76.16000,0.62341
2023-04-16 18:57:42 UTC,4118,21.87000,76.38000,0.61993
2023-04-16 19:02:44 UTC,4119,21.90000,76.70000,0.61265
2023-04-16 19:07:46 UTC,4120,21.74000,76.54000,0.61086
2023-04-16 19:12:47 UTC,4121,21.66000,76.73000,0.60296
2023-04-16 19:17:49 UTC,4122,21.66000,77.02000,0.59544
2023-04-16 19:22:51 UTC,4123,21.51000,77.17000,0.58615
2023-04-16 19:27:52 UTC,4124,21.49000,77.21000,0.58441
2023-04-16 19:32:54 UTC,4125,21.56000,77.12000,0.58924
2023-04-16 19:37:56 UTC,4126,21.66000,76.88000,0.59907
2023-04-16 19:42:58 UTC,4127,21.73000,76.59000,0.60918
2023-04-16 19:47:59 UTC,4128,21.70000,76.60000,0.60781
2023-04-16 19:53:01 UTC,4129,21.76000,76.83000,0.60405
2023-04-16 19:58:03 UTC,4130,21.81000,76.86000,0.60511
2023-04-16 20:03:04 UTC,4131,21.83000,76.10000,0.62575
2023-04-16 20:08:06 UTC,4132,21.86000,76.32000,0.62112
2023-04-16 20:13:08 UTC,4133,21.84000,75.97000,0.62953
2023-04-16 20:18:09 UTC,4134,21.87000,76.32000,0.62150
2023-04-16 20:23:11 UTC,4135,21.96000,76.72000,0.61437
2023-04-16 20:28:13 UTC,4136,21.97000,75.96000,0.63481
2023-04-16 20:33:14 UTC,4137,22.01000,75.70000,0.64324
2023-04-16 20:38:16 UTC,4138,22.01000,76.02000,0.63477
2023-04-16 20:43:18 UTC,4139,22.01000,76.82000,0.61359
2023-04-16 20:48:19 UTC,4140,22.02000,76.37000,0.62589
2023-04-16 20:53:21 UTC,4141,22.04000,77.17000,0.60544
2023-04-16 20:58:23 UTC,4142,22.05000,76.86000,0.61403
2023-04-16 21:03:24 UTC,4143,22.05000,76.11000,0.63393
2023-04-16 21:08:26 UTC,4144,22.05000,78.25000,0.57715
2023-04-16 21:13:28 UTC,4145,22.05000,76.81000,0.61536
2023-04-16 21:18:30 UTC,4146,22.05000,76.88000,0.61350
2023-04-16 21:23:31 UTC,4147,22.04000,76.05000,0.63514
2023-04-16 21:28:33 UTC,4148,22.08000,77.74000,0.59176
2023-04-16 21:33:35 UTC,4149,22.09000,76.57000,0.62324
2023-04-16 21:38:36 UTC,4150,22.08000,76.99000,0.61170
2023-04-16 21:43:38 UTC,4151,22.07000,75.78000,0.64347
2023-04-16 21:48:40 UTC,4152,22.09000,75.10000,0.66235
2023-04-16 21:53:41 UTC,4153,22.08000,75.49000,0.65157
2023-04-16 21:58:43 UTC,4154,22.08000,76.50000,0.62472
2023-04-16 22:03:45 UTC,4155,22.09000,77.14000,0.60808
2023-04-16 22:08:46 UTC,4156,22.08000,75.83000,0.64254
2023-04-16 22:13:48 UTC,4157,22.11000,76.04000,0.63812
2023-04-16 22:18:50 UTC,4158,22.14000,76.21000,0.63475
2023-04-16 22:23:52 UTC,4159,22.12000,77.58000,0.59747
2023-04-16 22:28:53 UTC,4160,22.12000,77.28000,0.60546
2023-04-16 22:33:55 UTC,4161,22.12000,76.17000,0.63504
2023-04-16 22:38:57 UTC,4162,22.12000,76.76000,0.61932
2023-04-16 22:43:58 UTC,4163,22.12000,76.30000,0.63158
2023-04-16 22:49:00 UTC,4164,22.11000,76.11000,0.63625
2023-04-16 22:54:02 UTC,4165,22.11000,77.23000,0.60643
2023-04-16 22:59:03 UTC,4166,22.12000,76.75000,0.61959
2023-04-16 23:04:05 UTC,4167,22.15000,77.48000,0.60123
2023-04-16 23:09:07 UTC,4168,22.14000,77.19000,0.60860
2023-04-16 23:14:08 UTC,4169,22.12000,78.66000,0.56869
2023-04-16 23:19:10 UTC,4170,22.12000,77.30000,0.60493
2023-04-16 23:24:12 UTC,4171,22.17000,77.26000,0.60784
2023-04-16 23:29:13 UTC,4172,22.14000,76.64000,0.62328
2023-04-16 23:34:15 UTC,4173,22.17000,76.19000,0.63644
2023-04-16 23:39:17 UTC,4174,22.15000,76.19000,0.63567
2023-04-16 23:44:18 UTC,4175,22.15000,75.94000,0.64234
2023-04-16 23:49:20 UTC,4176,22.17000,76.25000,0.63484
2023-04-16 23:54:22 UTC,4177,22.15000,76.24000,0.63434
2023-04-16 23:59:23 UTC,4178,22.14000,76.42000,0.62915
2023-04-17 00:04:25 UTC,4179,22.17000,76.79000,0.62041
2023-04-17 00:09:27 UTC,4180,22.15000,77.22000,0.60817
2023-04-17 00:14:28 UTC,4181,22.15000,75.39000,0.65703
2023-04-17 00:19:30 UTC,4182,22.15000,76.87000,0.61752
2023-04-17 00:24:32 UTC,4183,22.15000,76.49000,0.62766
2023-04-17 00:29:33 UTC,4184,22.17000,76.82000,0.61960
2023-04-17 00:34:35 UTC,4185,22.17000,76.37000,0.63163
2023-04-17 00:39:37 UTC,4186,22.17000,77.19000,0.60971
2023-04-17 00:44:38 UTC,4187,22.18000,77.28000,0.60768
2023-04-17 00:49:40 UTC,4188,22.15000,76.94000,0.61565
2023-04-17 00:54:42 UTC,4189,22.14000,76.00000,0.64035
2023-04-17 00:59:43 UTC,4190,22.19000,77.00000,0.61554
2023-04-17 01:04:45 UTC,4191,22.18000,76.63000,0.62506
2023-04-17 01:09:47 UTC,4192,22.19000,77.48000,0.60270
2023-04-17 01:14:48 UTC,4193,22.17000,75.30000,0.66023
2023-04-17 01:19:50 UTC,4194,22.18000,77.65000,0.59778
2023-04-17 01:24:52 UTC,4195,22.17000,77.10000,0.61212
2023-04-17 01:29:53 UTC,4196,22.17000,76.92000,0.61693
2023-04-17 01:34:55 UTC,4197,22.17000,76.44000,0.62976
2023-04-17 01:39:57 UTC,4198,22.17000,76.17000,0.63698
2023-04-17 01:44:58 UTC,4199,22.17000,76.08000,0.63938
2023-04-17 01:50:00 UTC,4200,22.17000,76.77000,0.62094
2023-04-17 01:55:02 UTC,4201,22.17000,77.13000,0.61132
2023-04-17 02:00:04 UTC,4202,22.12000,77.47000,0.60040
2023-04-17 02:05:05 UTC,4203,22.14000,76.06000,0.63875
2023-04-17 02:10:07 UTC,4204,22.14000,75.97000,0.64115
2023-04-17 02:15:09 UTC,4205,22.14000,76.31000,0.63208
2023-04-17 02:20:10 UTC,4206,22.14000,77.15000,0.60967
2023-04-17 02:25:12 UTC,4207,22.17000,78.35000,0.57871
2023-04-17 02:30:14 UTC,4208,22.14000,77.73000,0.59419
2023-04-17 02:35:15 UTC,4209,22.15000,77.44000,0.60230
2023-04-17 02:40:17 UTC,4210,22.17000,78.40000,0.57737
2023-04-17 02:45:19 UTC,4211,22.15000,77.58000,0.59856
2023-04-17 02:50:20 UTC,4212,22.15000,78.18000,0.58254
2023-04-17 02:55:22 UTC,4213,22.15000,77.59000,0.59829
2023-04-17 03:00:24 UTC,4214,22.14000,76.44000,0.62861
2023-04-17 03:05:25 UTC,4215,22.14000,78.75000,0.56698
2023-04-17 03:10:27 UTC,4216,22.14000,77.82000,0.59179
2023-04-17 03:15:29 UTC,4217,22.14000,76.57000,0.62514
2023-04-17 03:20:30 UTC,4218,22.14000,77.32000,0.60513
2023-04-17 03:25:32 UTC,4219,22.17000,77.41000,0.60383
2023-04-17 03:30:34 UTC,4220,22.17000,76.66000,0.62388
2023-04-17 03:35:35 UTC,4221,22.14000,75.74000,0.64729
2023-04-17 03:40:37 UTC,4222,22.18000,76.56000,0.62694
2023-04-17 03:45:39 UTC,4223,22.08000,76.03000,0.63722
2023-04-17 03:50:40 UTC,4224,22.04000,76.76000,0.61631
2023-04-17 03:55:42 UTC,4225,22.05000,76.31000,0.62863
2023-04-17 04:00:44 UTC,4226,22.02000,76.43000,0.62430
2023-04-17 04:05:45 UTC,4227,22.04000,76.49000,0.62347
2023-04-17 04:10:47 UTC,4228,22.07000,76.34000,0.62859
2023-04-17 04:15:49 UTC,4229,22.05000,74.87000,0.66684
2023-04-17 04:20:50 UTC,4230,22.07000,74.91000,0.66659
2023-04-17 04:25:52 UTC,4231,22.05000,74.41000,0.67904
2023-04-17 04:30:54 UTC,4232,22.00000,75.01000,0.66110
2023-04-17 04:35:55 UTC,4233,22.00000,74.26000,0.68094
2023-04-17 04:40:57 UTC,4234,21.93000,74.00000,0.68489
2023-04-17 04:45:59 UTC,4235,21.71000,73.77000,0.68173
2023-04-17 04:51:00 UTC,4236,21.80000,74.98000,0.65387
2023-04-17 04:56:02 UTC,4237,21.86000,73.43000,0.69693
2023-04-17 05:01:04 UTC,4238,21.74000,73.28000,0.69574
2023-04-17 05:06:05 UTC,4239,21.78000,73.77000,0.68466
2023-04-17 05:11:07 UTC,4240,21.74000,72.91000,0.70538
2023-04-17 05:16:09 UTC,4241,21.36000,71.91000,0.71461
2023-04-17 05:21:11 UTC,4242,21.49000,73.34000,0.68365
2023-04-17 05:26:12 UTC,4243,21.59000,72.49000,0.70978
2023-04-17 05:31:14 UTC,4244,21.66000,72.78000,0.70531
2023-04-17 05:36:16 UTC,4245,21.57000,72.68000,0.70401
2023-04-17 05:41:17 UTC,4246,21.60000,72.61000,0.70711
2023-04-17 05:46:19 UTC,4247,21.71000,72.24000,0.72150
2023-04-17 05:51:21 UTC,4248,21.70000,72.42000,0.71638
2023-04-17 05:56:22 UTC,4249,21.81000,72.56000,0.71755
2023-04-17 06:01:24 UTC,4250,21.78000,72.00000,0.73086
2023-04-17 06:06:26 UTC,4251,21.77000,72.48000,0.71789
2023-04-17 06:11:27 UTC,4252,21.80000,71.54000,0.74377
2023-04-17 06:16:29 UTC,4253,21.76000,71.73000,0.73700
2023-04-17 06:21:31 UTC,4254,21.74000,72.02000,0.72855
2023-04-17 06:26:32 UTC,4255,21.69000,71.73000,0.73386
2023-04-17 06:31:34 UTC,4256,21.47000,72.01000,0.71688
2023-04-17 06:36:36 UTC,4257,21.57000,71.63000,0.73107
2023-04-17 06:41:38 UTC,4258,21.57000,72.60000,0.70607
2023-04-17 06:46:39 UTC,4259,21.59000,72.27000,0.71545
2023-04-17 06:51:41 UTC,4260,21.54000,72.72000,0.70169
2023-04-17 06:56:43 UTC,4261,21.56000,73.10000,0.69277
2023-04-17 07:01:44 UTC,4262,21.57000,72.75000,0.70221
2023-04-17 07:06:46 UTC,4263,21.50000,72.67000,0.70126
2023-04-17 07:11:48 UTC,4264,21.56000,73.06000,0.69380
2023-04-17 07:16:49 UTC,4265,21.51000,72.44000,0.70760
2023-04-17 07:21:51 UTC,4266,21.60000,73.54000,0.68310
2023-04-17 07:26:53 UTC,4267,21.69000,72.45000,0.71517
2023-04-17 07:31:54 UTC,4268,21.69000,72.91000,0.70323
2023-04-17 07:36:56 UTC,4269,21.76000,73.32000,0.69555
2023-04-17 07:41:58 UTC,4270,21.80000,72.89000,0.70849
2023-04-17 07:46:59 UTC,4271,21.83000,72.58000,0.71791
2023-04-17 07:52:01 UTC,4272,21.86000,73.44000,0.69666
2023-04-17 07:57:03 UTC,4273,21.87000,71.88000,0.73803
2023-04-17 08:02:04 UTC,4274,21.88000,73.34000,0.70014
2023-04-17 08:07:06 UTC,4275,21.88000,71.75000,0.74190
2023-04-17 08:12:08 UTC,4276,21.91000,71.60000,0.74720
2023-04-17 08:17:09 UTC,4277,21.94000,71.89000,0.74093
2023-04-17 08:22:11 UTC,4278,21.96000,71.69000,0.74711
2023-04-17 08:27:13 UTC,4279,21.97000,71.90000,0.74202
2023-04-17 08:32:14 UTC,4280,21.96000,72.81000,0.71755
2023-04-17 08:37:16 UTC,4281,22.01000,72.20000,0.73589
2023-04-17 08:42:18 UTC,4282,22.07000,72.53000,0.72982
2023-04-17 08:47:19 UTC,4283,22.12000,72.95000,0.72085
2023-04-17 08:52:21 UTC,4284,22.12000,72.90000,0.72218
2023-04-17 08:57:23 UTC,4285,22.15000,73.21000,0.71523
2023-04-17 09:02:24 UTC,4286,22.17000,72.94000,0.72332
2023-04-17 09:07:26 UTC,4287,22.17000,73.90000,0.69766
2023-04-17 09:12:28 UTC,4288,22.24000,73.13000,0.72131
2023-04-17 09:17:29 UTC,4289,22.21000,72.63000,0.73339
2023-04-17 09:22:31 UTC,4290,22.19000,73.42000,0.71135
2023-04-17 09:27:33 UTC,4291,22.19000,73.11000,0.71965
2023-04-17 09:32:34 UTC,4292,22.22000,73.97000,0.69791
2023-04-17 09:37:36 UTC,4293,22.19000,73.19000,0.71751
2023-04-17 09:42:38 UTC,4294,22.21000,73.69000,0.70498
2023-04-17 09:47:39 UTC,4295,22.22000,74.51000,0.68343
2023-04-17 09:52:41 UTC,4296,22.21000,73.68000,0.70525
2023-04-17 09:57:43 UTC,4297,22.22000,73.96000,0.69817
2023-04-17 10:02:44 UTC,4298,22.22000,73.33000,0.71507
2023-04-17 10:07:46 UTC,4299,22.25000,74.21000,0.69273
2023-04-17 10:12:48 UTC,4300,22.26000,72.82000,0.73052
2023-04-17 10:17:49 UTC,4301,22.28000,74.09000,0.69723
2023-04-17 10:22:51 UTC,4302,22.29000,74.00000,0.70008
2023-04-17 10:27:53 UTC,4303,22.34000,74.24000,0.69573
2023-04-17 10:32:54 UTC,4304,22.41000,73.19000,0.72717
2023-04-17 10:37:56 UTC,4305,22.46000,72.78000,0.74054
2023-04-17 10:42:58 UTC,4306,22.55000,73.49000,0.72518
2023-04-17 10:47:59 UTC,4307,22.57000,73.30000,0.73126
2023-04-17 10:53:01 UTC,4308,22.59000,72.79000,0.74613
2023-04-17 10:58:03 UTC,4309,22.62000,73.45000,0.72936
2023-04-17 11:03:04 UTC,4310,22.60000,73.22000,0.73479
2023-04-17 11:08:06 UTC,4311,22.62000,73.36000,0.73183
2023-04-17 11:13:08 UTC,4312,22.62000,73.35000,0.73211
2023-04-17 11:18:09 UTC,4313,22.62000,72.83000,0.74639
2023-04-17 11:23:11 UTC,4314,22.63000,73.39000,0.73145
2023-04-17 11:28:13 UTC,4315,22.67000,73.12000,0.74067
2023-04-17 11:33:14 UTC,4316,22.66000,72.84000,0.74793
2023-04-17 11:38:16 UTC,4317,22.67000,73.33000,0.73488
2023-04-17 11:43:18 UTC,4318,22.72000,73.00000,0.74624
2023-04-17 11:48:19 UTC,4319,22.72000,73.28000,0.73850
2023-04-17 11:53:21 UTC,4320,22.72000,73.15000,0.74209
2023-04-17 11:58:23 UTC,4321,22.74000,73.39000,0.73635
2023-04-17 12:03:24 UTC,4322,22.72000,72.56000,0.75840
2023-04-17 12:08:26 UTC,4323,22.79000,72.89000,0.75246
2023-04-17 12:13:28 UTC,4324,22.79000,73.41000,0.73803
2023-04-17 12:18:29 UTC,4325,22.83000,73.01000,0.75095
2023-04-17 12:23:31 UTC,4326,22.83000,73.74000,0.73064
2023-04-17 12:28:33 UTC,4327,22.84000,73.44000,0.73943
2023-04-17 12:33:34 UTC,4328,22.86000,72.85000,0.75677
2023-04-17 12:38:36 UTC,4329,22.87000,72.74000,0.76030
2023-04-17 12:43:38 UTC,4330,22.87000,73.02000,0.75249
2023-04-17 12:48:39 UTC,4331,22.93000,73.08000,0.75355
2023-04-17 12:53:41 UTC,4332,22.93000,73.05000,0.75439
2023-04-17 12:58:43 UTC,4333,22.96000,73.28000,0.74931
2023-04-17 13:03:44 UTC,4334,22.96000,73.31000,0.74847
2023-04-17 13:08:46 UTC,4335,22.94000,73.60000,0.73944
2023-04-17 13:13:48 UTC,4336,22.94000,73.84000,0.73272
2023-04-17 13:18:49 UTC,4337,22.96000,73.49000,0.74342
2023-04-17 13:23:51 UTC,4338,23.00000,75.95000,0.67607
2023-04-17 13:28:53 UTC,4339,23.08000,78.55000,0.60591
2023-04-17 13:33:54 UTC,4340,23.11000,76.23000,0.67266
2023-04-17 13:38:56 UTC,4341,23.11000,75.53000,0.69247
2023-04-17 13:43:58 UTC,4342,23.08000,75.25000,0.69912
2023-04-17 13:48:59 UTC,4343,23.07000,75.27000,0.69813
2023-04-17 13:54:01 UTC,4344,23.08000,74.48000,0.72087
2023-04-17 13:59:03 UTC,4345,23.07000,74.72000,0.71366
2023-04-17 14:04:04 UTC,4346,23.08000,74.35000,0.72454
2023-04-17 14:09:06 UTC,4347,23.07000,75.92000,0.67979
2023-04-17 14:14:08 UTC,4348,23.10000,74.62000,0.71779
2023-04-17 14:19:09 UTC,4349,23.14000,73.00000,0.76545
2023-04-17 14:24:11 UTC,4350,23.10000,74.60000,0.71835
2023-04-17 14:29:13 UTC,4351,23.11000,73.97000,0.73661
2023-04-17 14:34:14 UTC,4352,23.08000,73.78000,0.74065
2023-04-17 14:39:16 UTC,4353,23.07000,73.46000,0.74923
2023-04-17 14:44:18 UTC,4354,23.06000,74.54000,0.71831
2023-04-17 14:49:19 UTC,4355,23.06000,74.19000,0.72818
2023-04-17 14:54:21 UTC,4356,23.06000,74.08000,0.73129
2023-04-17 14:59:23 UTC,4357,23.06000,73.78000,0.73975
2023-04-17 15:04:25 UTC,4358,23.03000,74.11000,0.72912
2023-04-17 15:09:26 UTC,4359,23.03000,73.60000,0.74348
2023-04-17 15:14:28 UTC,4360,23.10000,74.30000,0.72684
2023-04-17 15:19:30 UTC,4361,23.07000,74.19000,0.72862
2023-04-17 15:24:31 UTC,4362,23.03000,75.19000,0.69870
2023-04-17 15:29:33 UTC,4363,23.11000,75.79000,0.68511
2023-04-17 15:34:35 UTC,4364,23.10000,76.03000,0.67791
2023-04-17 15:39:36 UTC,4365,23.11000,76.95000,0.65228
2023-04-17 15:44:38 UTC,4366,23.13000,76.81000,0.65704
2023-04-17 15:49:40 UTC,4367,23.08000,77.01000,0.64941
2023-04-17 15:54:41 UTC,4368,23.07000,77.32000,0.64026
2023-04-17 15:59:43 UTC,4369,23.04000,77.18000,0.64305
2023-04-17 16:04:45 UTC,4370,23.00000,77.40000,0.63531
2023-04-17 16:09:46 UTC,4371,23.00000,77.21000,0.64065
2023-04-17 16:14:48 UTC,4372,22.97000,77.70000,0.62574
2023-04-17 16:19:50 UTC,4373,22.99000,77.10000,0.64335
2023-04-17 16:24:52 UTC,4374,22.99000,77.87000,0.62172
2023-04-17 16:29:53 UTC,4375,23.04000,78.15000,0.61571
2023-04-17 16:34:55 UTC,4376,22.96000,78.00000,0.61695
2023-04-17 16:39:57 UTC,4377,22.94000,77.21000,0.63833
2023-04-17 16:44:58 UTC,4378,22.96000,76.92000,0.64723
2023-04-17 16:50:00 UTC,4379,22.93000,79.53000,0.57300
2023-04-17 16:55:02 UTC,4380,22.86000,79.11000,0.58228
2023-04-17 17:00:03 UTC,4381,22.84000,79.49000,0.57100
2023-04-17 17:05:05 UTC,4382,22.84000,76.77000,0.64673
2023-04-17 17:10:07 UTC,4383,22.84000,77.29000,0.63225
2023-04-17 17:15:08 UTC,4384,22.83000,77.33000,0.63075
2023-04-17 17:20:10 UTC,4385,22.84000,77.08000,0.63809
2023-04-17 17:25:12 UTC,4386,22.83000,76.41000,0.65635
2023-04-17 17:30:13 UTC,4387,22.84000,76.78000,0.64645
2023-04-17 17:35:15 UTC,4388,22.83000,76.30000,0.65941
2023-04-17 17:40:17 UTC,4389,22.82000,76.49000,0.65373
2023-04-17 17:45:18 UTC,4390,22.80000,77.78000,0.61711
2023-04-17 17:50:20 UTC,4391,22.80000,77.57000,0.62294
2023-04-17 17:55:22 UTC,4392,22.77000,75.85000,0.66949
2023-04-17 18:00:23 UTC,4393,22.80000,76.55000,0.65127
2023-04-17 18:05:25 UTC,4394,22.79000,76.86000,0.64227
2023-04-17 18:10:27 UTC,4395,22.77000,76.26000,0.65813
2023-04-17 18:15:28 UTC,4396,22.76000,78.28000,0.60176
2023-04-17 18:20:30 UTC,4397,22.77000,76.70000,0.64593
2023-04-17 18:25:32 UTC,4398,22.73000,77.24000,0.62943
2023-04-17 18:30:36 UTC,4399,22.77000,77.01000,0.63733
2023-04-17 18:35:38 UTC,4400,22.72000,75.27000,0.68350
2023-04-17 18:40:40 UTC,4401,22.72000,75.22000,0.68488
2023-04-17 18:45:41 UTC,4402,22.72000,75.49000,0.67742
2023-04-17 18:50:43 UTC,4403,22.70000,76.07000,0.66058
2023-04-17 18:55:45 UTC,4404,22.73000,75.98000,0.66428
2023-04-17 19:00:46 UTC,4405,22.76000,76.63000,0.64748
2023-04-17 19:05:48 UTC,4406,22.79000,76.87000,0.64199
2023-04-17 19:10:50 UTC,4407,22.77000,77.00000,0.63761
2023-04-17 19:15:51 UTC,4408,22.72000,76.16000,0.65890
2023-04-17 19:20:53 UTC,4409,22.73000,76.69000,0.64464
2023-04-17 19:25:55 UTC,4410,22.73000,76.04000,0.66262
2023-04-17 19:30:56 UTC,4411,22.70000,76.25000,0.65562
2023-04-17 19:35:58 UTC,4412,22.77000,76.70000,0.64593
2023-04-17 19:41:00 UTC,4413,22.82000,76.65000,0.64928
2023-04-17 19:46:01 UTC,4414,22.82000,76.06000,0.66568
2023-04-17 19:51:03 UTC,4415,22.82000,76.40000,0.65623
2023-04-17 19:56:05 UTC,4416,22.87000,77.37000,0.63117
2023-04-17 20:01:06 UTC,4417,22.70000,75.57000,0.67439
2023-04-17 20:06:08 UTC,4418,22.57000,74.83000,0.68936
2023-04-17 20:11:10 UTC,4419,22.48000,75.73000,0.66109
2023-04-17 20:16:11 UTC,4420,22.55000,76.15000,0.65241
2023-04-17 20:21:13 UTC,4421,22.62000,76.01000,0.65904
2023-04-17 20:26:15 UTC,4422,22.67000,76.25000,0.65442
2023-04-17 20:31:17 UTC,4423,22.70000,76.35000,0.65286
2023-04-17 20:36:18 UTC,4424,22.76000,76.80000,0.64277
2023-04-17 20:41:20 UTC,4425,22.76000,77.28000,0.62947
2023-04-17 20:46:22 UTC,4426,22.74000,77.36000,0.62649
2023-04-17 20:51:23 UTC,4427,22.80000,77.52000,0.62433
2023-04-17 20:56:25 UTC,4428,22.80000,77.37000,0.62850
2023-04-17 21:01:27 UTC,4429,22.79000,77.47000,0.62534
2023-04-17 21:06:28 UTC,4430,22.82000,77.27000,0.63204
2023-04-17 21:11:30 UTC,4431,22.83000,77.58000,0.62380
2023-04-17 21:16:32 UTC,4432,22.82000,77.54000,0.62453
2023-04-17 21:21:33 UTC,4433,22.86000,78.13000,0.60960
2023-04-17 21:26:35 UTC,4434,22.84000,77.79000,0.61833
2023-04-17 21:31:37 UTC,4435,22.86000,77.92000,0.61545
2023-04-17 21:36:38 UTC,4436,22.84000,78.07000,0.61053
2023-04-17 21:41:40 UTC,4437,22.86000,77.01000,0.64082
2023-04-17 21:46:42 UTC,4438,22.84000,78.66000,0.59411
2023-04-17 21:51:43 UTC,4439,22.84000,78.09000,0.60998
2023-04-17 21:56:45 UTC,4440,22.84000,78.04000,0.61137
2023-04-17 22:01:47 UTC,4441,22.87000,78.30000,0.60523
2023-04-17 22:06:48 UTC,4442,22.84000,78.36000,0.60246
2023-04-17 22:11:50 UTC,4443,22.86000,77.86000,0.61713
2023-04-17 22:16:52 UTC,4444,22.84000,76.94000,0.64199
2023-04-17 22:21:53 UTC,4445,22.87000,77.90000,0.61638
2023-04-17 22:26:55 UTC,4446,22.84000,77.74000,0.61972
2023-04-17 22:31:57 UTC,4447,22.84000,78.33000,0.60329
2023-04-17 22:36:58 UTC,4448,22.86000,79.40000,0.57420
2023-04-17 22:42:00 UTC,4449,22.86000,77.87000,0.61685
2023-04-17 22:47:02 UTC,4450,22.87000,78.44000,0.60132
2023-04-17 22:52:04 UTC,4451,22.84000,78.07000,0.61053
2023-04-17 22:57:05 UTC,4452,22.87000,78.51000,0.59937
2023-04-17 23:02:07 UTC,4453,22.87000,78.87000,0.58933
2023-04-17 23:07:09 UTC,4454,22.90000,78.70000,0.59515
2023-04-17 23:12:10 UTC,4455,22.90000,77.11000,0.63958
2023-04-17 23:17:12 UTC,4456,22.87000,78.41000,0.60216
2023-04-17 23:22:14 UTC,4457,22.89000,78.25000,0.60736
2023-04-17 23:27:15 UTC,4458,22.87000,77.54000,0.62643
2023-04-17 23:32:17 UTC,4459,22.89000,77.88000,0.61769
2023-04-17 23:37:19 UTC,4460,22.89000,77.83000,0.61909
2023-04-17 23:42:20 UTC,4461,22.86000,78.26000,0.60598
2023-04-17 23:47:22 UTC,4462,22.89000,77.76000,0.62104
2023-04-17 23:52:24 UTC,4463,22.77000,75.56000,0.67753
2023-04-17 23:57:25 UTC,4464,22.74000,78.03000,0.60795
2023-04-18 00:02:27 UTC,4465,22.80000,79.01000,0.58295
2023-04-18 00:07:29 UTC,4466,22.86000,79.62000,0.56807
2023-04-18 00:12:31 UTC,4467,22.84000,76.14000,0.66426
2023-04-18 00:17:32 UTC,4468,22.66000,78.11000,0.60281
2023-04-18 00:22:34 UTC,4469,22.66000,78.09000,0.60336
2023-04-18 00:27:36 UTC,4470,22.65000,77.87000,0.60905
2023-04-18 00:32:37 UTC,4471,22.70000,77.86000,0.61117
2023-04-18 00:37:39 UTC,4472,22.73000,78.49000,0.59486
2023-04-18 00:42:41 UTC,4473,22.77000,77.78000,0.61599
2023-04-18 00:47:42 UTC,4474,22.80000,78.46000,0.59822
2023-04-18 00:52:44 UTC,4475,22.79000,77.57000,0.62256
2023-04-18 00:57:46 UTC,4476,22.82000,77.98000,0.61230
2023-04-18 01:02:47 UTC,4477,22.84000,77.66000,0.62195
2023-04-18 01:07:49 UTC,4478,22.82000,78.03000,0.61091
2023-04-18 01:12:51 UTC,4479,22.82000,78.51000,0.59756
2023-04-18 01:17:52 UTC,4480,22.80000,78.20000,0.60545
2023-04-18 01:22:54 UTC,4481,22.79000,77.98000,0.61118
2023-04-18 01:27:56 UTC,4482,22.84000,78.43000,0.60051
2023-04-18 01:32:57 UTC,4483,22.82000,78.04000,0.61063
2023-04-18 01:37:59 UTC,4484,22.83000,78.41000,0.60070
2023-04-18 01:43:01 UTC,4485,22.83000,79.18000,0.57928
2023-04-18 01:48:02 UTC,4486,22.82000,78.44000,0.59951
2023-04-18 01:53:04 UTC,4487,22.83000,78.73000,0.59180
2023-04-18 01:58:06 UTC,4488,22.86000,79.09000,0.58284
2023-04-18 02:03:07 UTC,4489,22.86000,79.49000,0.57169
2023-04-18 02:08:09 UTC,4490,22.83000,78.83000,0.58902
2023-04-18 02:13:11 UTC,4491,22.82000,78.90000,0.58671
2023-04-18 02:18:12 UTC,4492,22.86000,78.81000,0.59065
2023-04-18 02:23:14 UTC,4493,22.83000,78.44000,0.59987
2023-04-18 02:28:16 UTC,4494,22.84000,79.06000,0.58297
2023-04-18 02:33:17 UTC,4495,22.84000,77.99000,0.61276
2023-04-18 02:38:19 UTC,4496,22.86000,78.11000,0.61016
2023-04-18 02:43:21 UTC,4497,22.84000,78.99000,0.58492
2023-04-18 02:48:22 UTC,4498,22.83000,78.71000,0.59236
2023-04-18 02:53:24 UTC,4499,22.86000,78.63000,0.59566
2023-04-18 02:58:26 UTC,4500,22.86000,78.49000,0.59957
2023-04-18 03:03:27 UTC,4501,22.83000,78.11000,0.60905
2023-04-18 03:08:29 UTC,4502,22.84000,78.72000,0.59244
2023-04-18 03:13:31 UTC,4503,22.83000,78.15000,0.60794
2023-04-18 03:18:32 UTC,4504,22.82000,77.78000,0.61786
2023-04-18 03:23:34 UTC,4505,22.83000,78.16000,0.60766
2023-04-18 03:28:36 UTC,4506,22.86000,77.71000,0.62131
2023-04-18 03:33:38 UTC,4507,22.83000,77.83000,0.61684
2023-04-18 03:38:39 UTC,4508,22.86000,77.92000,0.61545
2023-04-18 03:43:41 UTC,4509,22.84000,78.02000,0.61193
2023-04-18 03:48:43 UTC,4510,22.83000,79.19000,0.57900
2023-04-18 03:53:44 UTC,4511,22.86000,79.81000,0.56277
2023-04-18 03:58:46 UTC,4512,22.84000,79.37000,0.57434
2023-04-18 04:03:48 UTC,4513,22.84000,78.62000,0.59522
2023-04-18 04:08:49 UTC,4514,22.84000,77.86000,0.61638
2023-04-18 04:13:51 UTC,4515,22.89000,78.82000,0.59144
2023-04-18 04:18:53 UTC,4516,22.89000,78.63000,0.59675
2023-04-18 04:23:54 UTC,4517,22.89000,78.69000,0.59507
2023-04-18 04:28:56 UTC,4518,22.87000,78.85000,0.58989
2023-04-18 04:33:58 UTC,4519,22.89000,79.30000,0.57804
2023-04-18 04:38:59 UTC,4520,22.87000,78.58000,0.59742
2023-04-18 04:44:01 UTC,4521,22.89000,78.38000,0.60373
2023-04-18 04:49:03 UTC,4522,22.89000,77.86000,0.61825
2023-04-18 04:54:04 UTC,4523,22.87000,77.57000,0.62559
2023-04-18 04:59:06 UTC,4524,22.86000,77.04000,0.63998
2023-04-18 05:04:08 UTC,4525,22.87000,76.75000,0.64846
2023-04-18 05:09:09 UTC,4526,22.93000,76.50000,0.65782
2023-04-18 05:14:11 UTC,4527,22.92000,75.33000,0.69015
2023-04-18 05:19:13 UTC,4528,22.94000,76.52000,0.65766
2023-04-18 05:24:14 UTC,4529,22.94000,73.35000,0.74644
2023-04-18 05:29:16 UTC,4530,22.34000,72.35000,0.74677
2023-04-18 05:34:18 UTC,4531,22.12000,72.80000,0.72485
2023-04-18 05:39:19 UTC,4532,21.87000,73.65000,0.69158
2023-04-18 05:44:21 UTC,4533,21.83000,74.72000,0.66188
2023-04-18 05:49:23 UTC,4534,21.90000,75.38000,0.64736
2023-04-18 05:54:24 UTC,4535,22.04000,74.80000,0.66829
2023-04-18 05:59:26 UTC,4536,22.22000,74.88000,0.67351
2023-04-18 06:04:28 UTC,4537,22.34000,74.55000,0.68735
2023-04-18 06:09:30 UTC,4538,22.29000,74.61000,0.68365
2023-04-18 06:14:31 UTC,4539,22.34000,74.28000,0.69465
2023-04-18 06:19:33 UTC,4540,22.41000,74.37000,0.69517
2023-04-18 06:24:35 UTC,4541,22.45000,72.84000,0.73846
2023-04-18 06:29:36 UTC,4542,22.49000,72.63000,0.74598
2023-04-18 06:34:38 UTC,4543,22.49000,73.20000,0.73044
2023-04-18 06:39:40 UTC,4544,22.55000,72.53000,0.75144
2023-04-18 06:44:41 UTC,4545,22.60000,73.15000,0.73671
2023-04-18 06:49:43 UTC,4546,22.74000,74.69000,0.70038
2023-04-18 06:54:45 UTC,4547,22.79000,73.59000,0.73303
2023-04-18 06:59:46 UTC,4548,22.82000,72.78000,0.75689
2023-04-18 07:04:48 UTC,4549,22.84000,71.82000,0.78453
2023-04-18 07:09:50 UTC,4550,22.79000,73.17000,0.74469
2023-04-18 07:14:51 UTC,4551,22.82000,72.36000,0.76857
2023-04-18 07:19:53 UTC,4552,22.87000,70.23000,0.83031
2023-04-18 07:24:55 UTC,4553,23.04000,68.44000,0.88933
2023-04-18 07:29:56 UTC,4554,23.11000,68.66000,0.88688
2023-04-18 07:34:58 UTC,4555,23.15000,67.22000,0.92987
2023-04-18 07:40:00 UTC,4556,23.04000,68.40000,0.89046
2023-04-18 07:45:01 UTC,4557,23.04000,69.20000,0.86792
2023-04-18 07:50:03 UTC,4558,23.13000,66.65000,0.94490
2023-04-18 07:55:05 UTC,4559,23.15000,65.03000,0.99200
2023-04-18 08:00:06 UTC,4560,23.22000,63.49000,1.04007
2023-04-18 08:05:08 UTC,4561,23.32000,62.91000,1.06299
2023-04-18 08:10:10 UTC,4562,23.30000,63.36000,1.04883
2023-04-18 08:15:11 UTC,4563,23.14000,66.83000,0.94037
2023-04-18 08:20:13 UTC,4564,23.10000,65.99000,0.96185
2023-04-18 08:25:15 UTC,4565,23.06000,67.50000,0.91693
2023-04-18 08:30:16 UTC,4566,23.03000,68.13000,0.89753
2023-04-18 08:35:18 UTC,4567,23.10000,67.65000,0.91491
2023-04-18 08:40:20 UTC,4568,23.04000,69.40000,0.86228
2023-04-18 08:45:21 UTC,4569,23.04000,67.95000,0.90314
2023-04-18 08:50:23 UTC,4570,23.10000,66.99000,0.93357
2023-04-18 08:55:25 UTC,4571,23.10000,65.96000,0.96270
2023-04-18 09:00:26 UTC,4572,23.15000,65.60000,0.97583
2023-04-18 09:05:28 UTC,4573,23.10000,67.02000,0.93272
2023-04-18 09:10:30 UTC,4574,23.11000,66.42000,0.95027
2023-04-18 09:15:32 UTC,4575,23.10000,64.32000,1.00908
2023-04-18 09:20:33 UTC,4576,23.15000,64.24000,1.01441
2023-04-18 09:25:35 UTC,4577,23.13000,66.66000,0.94462
2023-04-18 09:30:37 UTC,4578,23.11000,65.58000,0.97404
2023-04-18 09:35:38 UTC,4579,23.20000,63.85000,1.02857
2023-04-18 09:40:40 UTC,4580,23.27000,63.42000,1.04522
2023-04-18 09:45:42 UTC,4581,23.25000,63.59000,1.03910
2023-04-18 09:50:43 UTC,4582,23.21000,65.14000,0.99247
2023-04-18 09:55:45 UTC,4583,23.25000,62.93000,1.05794
2023-04-18 10:00:47 UTC,4584,23.21000,65.44000,0.98393
2023-04-18 10:05:48 UTC,4585,23.21000,65.41000,0.98478
2023-04-18 10:10:50 UTC,4586,23.21000,62.81000,1.05880
2023-04-18 10:15:52 UTC,4587,23.22000,64.00000,1.02554
2023-04-18 10:20:53 UTC,4588,23.25000,63.06000,1.05423
2023-04-18 10:25:55 UTC,4589,23.24000,62.62000,1.06614
2023-04-18 10:30:57 UTC,4590,23.24000,64.88000,1.00168
2023-04-18 10:35:58 UTC,4591,23.21000,62.15000,1.07759
2023-04-18 10:41:00 UTC,4592,23.27000,63.86000,1.03264
2023-04-18 10:46:02 UTC,4593,23.27000,63.85000,1.03293
2023-04-18 10:51:03 UTC,4594,23.28000,63.33000,1.04842
2023-04-18 10:56:05 UTC,4595,23.31000,63.79000,1.03715
2023-04-18 11:01:07 UTC,4596,23.31000,61.29000,1.10875
2023-04-18 11:06:08 UTC,4597,23.38000,61.52000,1.10683
2023-04-18 11:11:10 UTC,4598,23.42000,59.76000,1.16025
2023-04-18 11:16:12 UTC,4599,23.45000,59.06000,1.18257
2023-04-18 11:21:13 UTC,4600,23.47000,56.73000,1.25138
2023-04-18 11:26:15 UTC,4601,23.54000,59.42000,1.17854
2023-04-18 11:31:17 UTC,4602,23.52000,57.54000,1.23166
2023-04-18 11:36:19 UTC,4603,23.55000,58.47000,1.20686
2023-04-18 11:41:20 UTC,4604,23.61000,57.26000,1.24652
2023-04-18 11:46:22 UTC,4605,23.66000,58.52000,1.21342
2023-04-18 11:51:24 UTC,4606,23.72000,57.49000,1.24805
2023-04-18 11:56:25 UTC,4607,23.78000,57.74000,1.24519
2023-04-18 12:01:27 UTC,4608,23.79000,57.03000,1.26688
2023-04-18 12:06:29 UTC,4609,23.73000,57.51000,1.24821
2023-04-18 12:11:30 UTC,4610,23.76000,57.76000,1.24311
2023-04-18 12:16:32 UTC,4611,23.83000,57.90000,1.24421
2023-04-18 12:21:34 UTC,4612,23.83000,55.17000,1.32490
2023-04-18 12:26:35 UTC,4613,23.83000,57.49000,1.25633
2023-04-18 12:31:37 UTC,4614,23.82000,56.62000,1.28127
2023-04-18 12:36:39 UTC,4615,23.85000,56.76000,1.27944
2023-04-18 12:41:40 UTC,4616,23.88000,57.55000,1.25833
2023-04-18 12:46:42 UTC,4617,23.95000,57.15000,1.27554
2023-04-18 12:51:44 UTC,4618,23.90000,56.90000,1.27914
2023-04-18 12:56:45 UTC,4619,23.90000,56.07000,1.30377
2023-04-18 13:01:47 UTC,4620,23.89000,58.37000,1.23477
2023-04-18 13:06:49 UTC,4621,23.92000,57.32000,1.26820
2023-04-18 13:11:50 UTC,4622,23.95000,56.91000,1.28269
2023-04-18 13:16:52 UTC,4623,24.02000,55.16000,1.34040
2023-04-18 13:21:54 UTC,4624,24.03000,53.81000,1.38159
2023-04-18 13:26:55 UTC,4625,24.05000,54.62000,1.35899
2023-04-18 13:31:57 UTC,4626,24.10000,53.65000,1.39221
2023-04-18 13:36:59 UTC,4627,24.16000,53.74000,1.39451
2023-04-18 13:42:00 UTC,4628,24.28000,54.06000,1.39486
2023-04-18 13:47:02 UTC,4629,24.21000,56.14000,1.32613
2023-04-18 13:52:04 UTC,4630,24.21000,55.84000,1.33520
2023-04-18 13:57:05 UTC,4631,24.21000,56.48000,1.31585
2023-04-18 14:02:07 UTC,4632,24.24000,57.55000,1.28581
2023-04-18 14:07:09 UTC,4633,24.19000,57.31000,1.28921
2023-04-18 14:12:10 UTC,4634,24.19000,59.39000,1.22640
2023-04-18 14:17:12 UTC,4635,24.19000,58.88000,1.24180
2023-04-18 14:22:14 UTC,4636,24.16000,58.93000,1.23806
2023-04-18 14:27:15 UTC,4637,24.14000,59.23000,1.22754
2023-04-18 14:32:17 UTC,4638,24.13000,59.66000,1.21387
2023-04-18 14:37:19 UTC,4639,24.16000,60.50000,1.19073
2023-04-18 14:42:20 UTC,4640,24.14000,59.70000,1.21339
2023-04-18 14:47:22 UTC,4641,24.16000,61.40000,1.16360
2023-04-18 14:52:24 UTC,4642,24.14000,61.21000,1.16793
2023-04-18 14:57:25 UTC,4643,24.13000,61.94000,1.14526
2023-04-18 15:02:27 UTC,4644,24.13000,60.51000,1.18829
2023-04-18 15:07:29 UTC,4645,24.12000,61.14000,1.16863
2023-04-18 15:12:31 UTC,4646,24.16000,59.58000,1.21847
2023-04-18 15:17:32 UTC,4647,24.23000,60.38000,1.19937
2023-04-18 15:22:34 UTC,4648,24.21000,60.49000,1.19461
2023-04-18 15:27:36 UTC,4649,24.21000,60.74000,1.18705
2023-04-18 15:32:37 UTC,4650,24.19000,63.24000,1.11013
2023-04-18 15:37:39 UTC,4651,24.17000,62.48000,1.13172
2023-04-18 15:42:41 UTC,4652,24.13000,63.25000,1.10584
2023-04-18 15:47:42 UTC,4653,24.16000,63.50000,1.10030
2023-04-18 15:52:44 UTC,4654,24.14000,62.48000,1.12969
2023-04-18 15:57:46 UTC,4655,24.10000,62.96000,1.11256
2023-04-18 16:02:49 UTC,4656,24.09000,64.73000,1.05876
2023-04-18 16:07:51 UTC,4657,24.09000,63.63000,1.09178
2023-04-18 16:12:53 UTC,4658,24.09000,64.92000,1.05306
2023-04-18 16:17:54 UTC,4659,24.00000,63.02000,1.10412
2023-04-18 16:22:56 UTC,4660,24.02000,63.33000,1.09618
2023-04-18 16:27:58 UTC,4661,24.00000,62.83000,1.10979
2023-04-18 16:32:59 UTC,4662,24.00000,60.94000,1.16622
2023-04-18 16:38:01 UTC,4663,24.03000,62.22000,1.13004
2023-04-18 16:43:03 UTC,4664,24.00000,61.64000,1.14532
2023-04-18 16:48:04 UTC,4665,23.99000,62.19000,1.12822
2023-04-18 16:53:06 UTC,4666,24.00000,61.53000,1.14860
2023-04-18 16:58:08 UTC,4667,23.98000,62.45000,1.11979
2023-04-18 17:03:09 UTC,4668,23.98000,63.27000,1.09534
2023-04-18 17:08:11 UTC,4669,23.93000,60.85000,1.16400
2023-04-18 17:13:13 UTC,4670,23.95000,61.10000,1.15796
2023-04-18 17:18:15 UTC,4671,23.90000,61.14000,1.15330
2023-04-18 17:23:16 UTC,4672,23.89000,59.16000,1.21134
2023-04-18 17:28:18 UTC,4673,23.93000,57.16000,1.27371
2023-04-18 17:33:20 UTC,4674,23.92000,59.99000,1.18886
2023-04-18 17:38:21 UTC,4675,23.92000,57.80000,1.25393
2023-04-18 17:43:23 UTC,4676,23.93000,60.80000,1.16549
2023-04-18 17:48:25 UTC,4677,23.92000,61.41000,1.14666
2023-04-18 17:53:26 UTC,4678,23.95000,60.93000,1.16302
2023-04-18 17:58:28 UTC,4679,23.95000,62.61000,1.11301
2023-04-18 18:03:30 UTC,4680,23.95000,63.41000,1.08920
2023-04-18 18:08:31 UTC,4681,23.95000,62.08000,1.12879
2023-04-18 18:13:33 UTC,4682,23.93000,63.30000,1.09116
2023-04-18 18:18:35 UTC,4683,23.95000,62.06000,1.12938
2023-04-18 18:23:36 UTC,4684,23.96000,60.12000,1.18785
2023-04-18 18:28:38 UTC,4685,23.96000,60.65000,1.17206
2023-04-18 18:33:40 UTC,4686,23.98000,63.27000,1.09534
2023-04-18 18:38:41 UTC,4687,24.00000,60.46000,1.18055
2023-04-18 18:43:43 UTC,4688,23.98000,61.83000,1.13828
2023-04-18 18:48:45 UTC,4689,23.98000,58.18000,1.24713
2023-04-18 18:53:46 UTC,4690,23.95000,57.47000,1.26602
2023-04-18 18:58:48 UTC,4691,23.93000,55.29000,1.32931
2023-04-18 19:03:50 UTC,4692,23.98000,55.25000,1.33450
2023-04-18 19:08:52 UTC,4693,23.92000,55.07000,1.33505
2023-04-18 19:13:53 UTC,4694,23.92000,59.84000,1.19332
2023-04-18 19:18:17 UTC,4695,23.92000,57.23000,1.27087
